strategy,total_tasks,tasks_correct,success_rate,avg_execution_time,std_execution_time,avg_step_count,std_step_count,avg_tool_calls,total_tool_calls
Plan-and-Solve,18,11,61.1,6.798,2.9826000265373582,5.3,2.295918515554365,3.0,54
ReAct,18,13,72.2,4.283,4.98476934388791,3.6,3.5668224265054493,2.5555555555555554,46
Tree-of-Thoughts,18,12,66.7,28.711,9.287854442607227,6.3,1.2744343869089327,2.5,45
